{
    "prepare_queue": {
        "installed": [],
        "uninstalled": []
    },
    "config_munge": {
        "files": {
            "config.xml": {
                "parents": {
                    "/*": [
                        {
                            "xml": "<feature name=\"Device\"><param name=\"browser-package\" value=\"Device\" /></feature>",
                            "count": 1
                        }
                    ]
                }
            }
        }
    },
    "installed_plugins": {
        "cordova.plugins.diagnostic": {
            "PACKAGE_NAME": "com.pivotmobileapp.appytite"
        },
        "cordova-plugin-compat": {
            "PACKAGE_NAME": "com.mealoop"
        },
        "cordova-plugin-geolocation": {
            "PACKAGE_NAME": "com.mealoop"
        },
        "cordova-plugin-splashscreen": {
            "PACKAGE_NAME": "com.mealoop"
        },
        "phonegap-plugin-push": {
            "SENDER_ID": "XXXXXXX",
            "PACKAGE_NAME": "com.mealoop"
        },
        "cordova-plugin-network-information": {
            "PACKAGE_NAME": "com.mealoop"
        },
        "cordova-plugin-device": {
            "PACKAGE_NAME": "com.mealoop"
        },
        "cordova-plugin-request-location-accuracy": {
            "PACKAGE_NAME": "com.mealoop"
        }
    },
    "dependent_plugins": {},
    "modules": [
        {
            "file": "plugins/cordova-plugin-splashscreen/www/splashscreen.js",
            "id": "cordova-plugin-splashscreen.SplashScreen",
            "pluginId": "cordova-plugin-splashscreen",
            "clobbers": [
                "navigator.splashscreen"
            ]
        },
        {
            "file": "plugins/cordova-plugin-splashscreen/src/browser/SplashScreenProxy.js",
            "id": "cordova-plugin-splashscreen.SplashScreenProxy",
            "pluginId": "cordova-plugin-splashscreen",
            "runs": true
        },
        {
            "file": "plugins/phonegap-plugin-push/www/push.js",
            "id": "phonegap-plugin-push.PushNotification",
            "pluginId": "phonegap-plugin-push",
            "clobbers": [
                "PushNotification"
            ]
        },
        {
            "file": "plugins/phonegap-plugin-push/www/browser/push.js",
            "id": "phonegap-plugin-push.BrowserPush",
            "pluginId": "phonegap-plugin-push",
            "clobbers": [
                "PushNotification"
            ]
        },
        {
            "file": "plugins/cordova-plugin-network-information/www/network.js",
            "id": "cordova-plugin-network-information.network",
            "pluginId": "cordova-plugin-network-information",
            "clobbers": [
                "navigator.connection",
                "navigator.network.connection"
            ]
        },
        {
            "file": "plugins/cordova-plugin-network-information/www/Connection.js",
            "id": "cordova-plugin-network-information.Connection",
            "pluginId": "cordova-plugin-network-information",
            "clobbers": [
                "Connection"
            ]
        },
        {
            "file": "plugins/cordova-plugin-network-information/src/browser/network.js",
            "id": "cordova-plugin-network-information.NetworkInfoProxy",
            "pluginId": "cordova-plugin-network-information",
            "runs": true
        },
        {
            "file": "plugins/cordova-plugin-device/www/device.js",
            "id": "cordova-plugin-device.device",
            "pluginId": "cordova-plugin-device",
            "clobbers": [
                "device"
            ]
        },
        {
            "file": "plugins/cordova-plugin-device/src/browser/DeviceProxy.js",
            "id": "cordova-plugin-device.DeviceProxy",
            "pluginId": "cordova-plugin-device",
            "runs": true
        }
    ],
    "plugin_metadata": {
        "cordova.plugins.diagnostic": "3.3.2",
        "cordova-plugin-compat": "1.1.0",
        "cordova-plugin-geolocation": "2.4.1",
        "cordova-plugin-splashscreen": "4.0.1",
        "phonegap-plugin-push": "1.9.2",
        "cordova-plugin-network-information": "1.3.1",
        "cordova-plugin-device": "1.1.4",
        "cordova-plugin-request-location-accuracy": "2.2.0"
    }
}