{
  "name": "angular-youtube-mb",
  "version": "1.1.1",
  "description": "Embed a YouTube player with a simple directive",
  "keywords": [
    "angular",
    "youtube",
    "embed",
    "player",
    "directive"
  ],
  "license": "MIT",
  "homepage": "https://github.com/brandly/angular-youtube-embed",
  "main": "src/angular-youtube-embed.js",
  "devDependencies": {
    "angular": "~1.2.22",
    "lodash": "~2.4.1",
    "angular-mocks": "~1.2.22"
  },
  "_release": "1.1.1",
  "_resolution": {
    "type": "version",
    "tag": "v1.1.1",
    "commit": "a5ecdd30986d6319343991dc408f9bdfaac69762"
  },
  "_source": "https://github.com/brandly/angular-youtube-embed.git",
  "_target": "~1.1.0",
  "_originalSource": "angular-youtube-mb"
}