{
  "name": "ngmap",
  "version": "1.9.1",
  "main": "./build/scripts/ng-map.js",
  "homepage": "https://github.com/allenhwkim/angularjs-google-maps",
  "authors": [
    "Allen Kim <allenhwkim@gmail.com>"
  ],
  "description": "The Simplest AngularJs Google Maps V3 Directive Module",
  "keywords": [
    "angularjs",
    "angularjs-directive",
    "google-maps"
  ],
  "license": "MIT",
  "_release": "1.9.1",
  "_resolution": {
    "type": "version",
    "tag": "v1.9.1",
    "commit": "73a2150e32be7550947c3023780319aa7ab18fe1"
  },
  "_source": "https://github.com/allenhwkim/angularjs-google-maps.git",
  "_target": "~1.9.0",
  "_originalSource": "ngmap"
}